{"cameraMode":{"drawMode":0,"name":"Shaded","section":"Shading Mode"},"sceneLighting":true,"audioPlay":false,"sceneViewState":{"m_AlwaysRefresh":false,"showFog":true,"showSkybox":true,"showFlares":true,"showImageEffects":true,"showParticleSystems":true,"showVisualEffectGraphs":true,"m_FxEnabled":true},"in2DMode":false,"pivot":{"x":0.23428833484649659,"y":0.2295365333557129,"z":1.04652738571167},"rotation":{"x":-0.0033870781771838667,"y":0.9434484243392944,"z":-0.3314098119735718,"w":-0.009620617143809796},"size":3.7560980319976808,"orthographic":false}